Framework,Domain,Control Theme,Project Artifact
NIST CSF,Identify,Asset inventory and business context,docs/02-business-context.md and docs/03-asset-inventory.md
NIST CSF,Protect,MFA and access control,docs/04-current-state-controls.md and docs/07-roadmap.md
NIST CSF,Detect,Logging and monitoring,docs/04-current-state-controls.md and docs/05-control-gap-assessment.md
NIST CSF,Respond,Incident response and tabletop exercise,scenarios/tabletop-scenario.md and scenarios/facilitator-guide.md
NIST CSF,Recover,Backups and continuity,docs/07-roadmap.md and docs/10-improvement-plan.md
CIS Controls,Asset Management,Inventory of systems and software,docs/03-asset-inventory.md
CIS Controls,Access Control,User and privileged access,docs/04-current-state-controls.md
CIS Controls,Data Recovery,Backups and restore testing,docs/07-roadmap.md
HIPAA,Security Rule,Access and transmission safeguards,docs/06-risk-register.md and docs/08-executive-briefing.md
NIST 800-53,Incident Response,Preparation and lessons learned,scenarios/ and docs/09-after-action-report.md
ISO 27001,Supplier Security,Vendor oversight,docs/06-risk-register.md